
INSERT INTO Telefones (idTelefone,numero) VALUES (1,'38157-0562'),(2,'19284-5478'),(3,'36608-1685'),(4,'23452-7630'),(5,'75197-3210'),(6,'69475-5953'),(7,'74573-9801'),(8,'92796-2189'),(9,'82452-8217'),(10,'42303-4706'),(11,'74024-2365'),(12,'89859-2054'),(13,'45191-8846'),(14,'26471-7125'),(15,'38333-0717'),(16,'49704-9647'),(17,'97730-9359'),(18,'47433-6365'),(19,'25296-6199'),(20,'18884-8633'),(21,'40032-6869'),(22,'03169-6170'),(23,'08922-6596'),(24,'70760-4273'),(25,'01480-3185'),(26,'43857-2294'),(27,'56829-0260'),(28,'95594-6153'),(29,'31422-4981'),(30,'04521-6265'),(31,'06944-9012'),(32,'43133-4352'),(33,'78570-0585'),(34,'79530-3894'),(35,'36744-5016'),(36,'32897-8958'),(37,'44244-8033'),(38,'28792-0643'),(39,'57122-5206'),(40,'26121-7035'),(41,'91142-4557'),(42,'79559-9660'),(43,'47497-1045'),(44,'43987-3361'),(45,'84794-8982'),(46,'72428-1782'),(47,'66969-7569'),(48,'72401-3659'),(49,'20495-2222'),(50,'67714-7746'),(51,'99258-3072'),(52,'90814-0308'),(53,'78823-4426'),(54,'12710-5708'),(55,'64006-9776'),(56,'08729-2903'),(57,'77076-1014'),(58,'88948-4896'),(59,'68885-5330'),(60,'45583-5199'),(61,'90257-4842'),(62,'14616-6058'),(63,'03997-5854'),(64,'52879-6754'),(65,'59063-2278'),(66,'30625-2583'),(67,'72812-6627'),(68,'45002-2314'),(69,'32283-4314'),(70,'47428-7596'),(71,'30489-0409'),(72,'39767-1709'),(73,'66502-0492'),(74,'44825-4913'),(75,'63099-0255'),(76,'42544-0646'),(77,'72034-3822'),(78,'88599-2943'),(79,'15065-0517'),(80,'20639-1650'),(81,'60970-2064'),(82,'10980-1711'),(83,'63577-8952'),(84,'37995-3642'),(85,'25248-6071'),(86,'97251-9782'),(87,'34658-4511'),(88,'87600-1347'),(89,'31922-2680'),(90,'47779-1585'),(91,'29434-0660'),(92,'82014-2389'),(93,'72972-6137'),(94,'83419-1651'),(95,'58854-3051'),(96,'07570-2560'),(97,'73235-0371'),(98,'11347-8199'),(99,'48247-5106'),(100,'72706-0380');
INSERT INTO Login (idLogin,nomeLogin,senha) VALUES (1,'velit','malesuada'),(2,'ac','pede'),(3,'Quisque','commodo'),(4,'augue','Integer'),(5,'sagittis','cursus'),(6,'Proin','egestas.'),(7,'quis','Nunc'),(8,'consectetuer','Quisque'),(9,'tempor','urna,'),(10,'auctor','dolor,'),(11,'metus','ridiculus'),(12,'adipiscing','ligula.'),(13,'Aenean','Cras'),(14,'Proin','eu'),(15,'velit.','metus'),(16,'vehicula','felis.'),(17,'viverra.','posuere'),(18,'nisl.','sollicitudin'),(19,'magna.','nunc'),(20,'hendrerit','Sed'),(21,'augue','neque'),(22,'Ut','ultricies'),(23,'sit','tristique'),(24,'neque','faucibus'),(25,'Donec','ullamcorper.'),(26,'urna.','semper'),(27,'pharetra.','magna.'),(28,'vel,','ligula.'),(29,'parturient','nec'),(30,'sagittis.','felis.'),(31,'malesuada','Cras'),(32,'Fusce','mi'),(33,'a','Aliquam'),(34,'tristique','tortor.'),(35,'parturient','elit'),(36,'ac,','nulla.'),(37,'diam','convallis'),(38,'dolor.','dictum.'),(39,'a,','aliquet.'),(40,'laoreet','Fusce'),(41,'auctor.','lorem'),(42,'Proin','Sed'),(43,'Donec','ornare.'),(44,'Cras','aliquam'),(45,'non','ante.'),(46,'sit','Phasellus'),(47,'sed','mollis'),(48,'mi','mi'),(49,'non','rhoncus.'),(50,'a,','sed'),(51,'nibh','eleifend'),(52,'Quisque','ultrices'),(53,'Cras','non,'),(54,'magna.','felis'),(55,'ullamcorper.','elementum'),(56,'Mauris','facilisis'),(57,'mauris.','Proinn'),(58,'eu','orci,'),(59,'Aliquam','non'),(60,'Donec','sapien.'),(61,'non','vulputate'),(62,'eu,','justo'),(63,'id','nisl.'),(64,'orci','at'),(65,'dignissim.','lobortis'),(66,'Donec','Fusce'),(67,'ante','at'),(68,'Aliquam','Donec'),(69,'ultrices','accumsan'),(70,'facilisis','hendrerit'),(71,'eget,','In'),(72,'lorem,','Morbi'),(73,'Curabitur','Pellentesque'),(74,'et,','a'),(75,'eget,','enim'),(76,'montes,','ligula.'),(77,'ante','neque.'),(78,'dui.','cursus,'),(79,'nisi.','Nulla'),(80,'semper','arcu.'),(81,'amet','ante.'),(82,'volutpat','primis'),(83,'ut','vestibulum'),(84,'ullamcorper','mauris'),(85,'Vivamus','tellus'),(86,'arcu','et'),(87,'mauris,','eros'),(88,'justo','dui.'),(89,'convallis','augue,'),(90,'cursus','Suspendisse'),(91,'tempus','dolor'),(92,'Nunc','vel'),(93,'sed','mollis.'),(94,'luctus','a'),(95,'ut','pede'),(96,'aliquet.','gravida'),(97,'vulputate','feugiat'),(98,'non,','purus'),(99,'Donec','augue,'),(100,'vitae','non,');
INSERT INTO Cliente (idCliente,idTelefone,nomeCliente,cpf,endereco,sexo,dataNascimento,idLogin) VALUES (1,1,'Colt','682.969.374-41','et risus. Quisque','F','1999-12-12',1),(2,2,'Galena','087.812.036-84','non','M','1942-09-18',2),(3,3,'Willow','308.086.670-73','in, hendrerit consectetuer,','F','1982-10-19',3),(4,4,'Libby','173.798.787-09','sodales at, velit.','F','1988-08-08',4),(5,5,'Chaney','735.110.811-65','pellentesque massa lobortis','M','1937-01-20',5),(6,6,'Quinlan','222.302.787-71','nibh. Quisque','F','1933-10-14',6),(7,7,'Mikayla','873.587.605-46','justo eu','Outro','1937-05-24',7),(8,8,'Shana','989.341.869-41','ullamcorper, nisl','Outro','1960-05-09',8),(9,9,'Rigel','479.702.779-40','libero at auctor','Outro','1935-09-22',9),(10,10,'Hope','420.528.427-47','tristique aliquet.','Outro','1952-03-13',10),(11,11,'Hammett','948.067.110-91','mauris. Suspendisse aliquet','M','1948-04-30',11),(12,12,'Elmo','033.676.531-03','semper cursus.','F','1978-01-05',12),(13,13,'Hall','480.318.294-90','tincidunt dui augue','F','1934-02-26',13),(14,14,'Samson','866.025.622-02','pharetra. Quisque','Outro','1989-12-13',14),(15,15,'Amelia','843.783.937-94','arcu iaculis enim,','Outro','1972-11-25',15),(16,16,'Price','731.875.064-96','mattis','Outro','1937-02-26',16),(17,17,'Illana','419.062.134-87','ac mattis','M','1930-11-03',17),(18,18,'Sloane','358.602.132-50','sit amet orci.','M','1950-09-22',18),(19,19,'Quinn','120.346.649-29','consectetuer','Outro','1980-06-04',19),(20,20,'Hilel','315.776.422-00','Mauris ut quam','M','2000-10-13',20),(21,21,'Brady','704.593.578-28','parturient montes,','Outro','1970-12-03',21),(22,22,'Deacon','474.006.014-16','Cras eu tellus','M','1981-04-23',22),(23,23,'Michael','552.130.133-79','Aliquam adipiscing lobortis','F','1948-05-01',23),(24,24,'Zachery','759.126.196-72','ullamcorper.','F','1989-10-08',24),(25,25,'Keaton','197.625.514-32','aliquet diam. Sed','Outro','1936-10-25',25),(26,26,'Velma','714.031.953-21','In','M','1938-06-14',26),(27,27,'Garrison','487.236.950-71','felis orci, adipiscing','M','1998-03-05',27),(28,28,'Eaton','031.341.683-67','nunc sed','Outro','1973-10-16',28),(29,29,'Judah','373.171.727-09','mollis. Phasellus libero','Outro','1969-12-27',29),(30,30,'Ila','746.023.072-84','eget metus.','F','1989-01-21',30),(31,31,'Jarrod','335.065.172-01','sed','Outro','1931-06-16',31),(32,32,'Steven','425.511.720-76','vitae purus gravida','F','1948-03-29',32),(33,33,'Caesar','698.190.398-58','Sed et libero.','Outro','1995-09-18',33),(34,34,'Sopoline','756.863.752-23','nascetur ridiculus mus.','F','1983-07-14',34),(35,35,'Linus','466.843.145-31','natoque penatibus et','F','1987-05-05',35),(36,36,'Amethyst','156.850.692-75','rutrum','M','1971-04-14',36),(37,37,'Jocelyn','430.694.140-14','aliquet.','F','1990-03-21',37),(38,38,'Stewart','142.818.191-48','enim diam','F','1983-02-01',38),(39,39,'Wylie','470.023.151-94','consectetuer euismod','F','1945-06-24',39),(40,40,'Farrah','616.578.216-79','Cum','F','1992-12-15',40),(41,41,'Wesley','150.563.227-04','ac libero nec','F','1931-07-10',41),(42,42,'Blake','417.241.554-62','Nullam','Outro','1986-12-05',42),(43,43,'Jason','731.664.920-10','lobortis, nisi','F','1937-07-14',43),(44,44,'Simone','990.258.043-26','id ante','Outro','1978-01-26',44),(45,45,'Lael','151.956.038-82','amet','F','1969-12-01',45),(46,46,'Ora','593.902.047-54','elementum','M','1995-01-17',46),(47,47,'Stephen','092.395.279-33','libero. Donec consectetuer','F','1931-05-09',47),(48,48,'Keely','723.582.436-04','vitae, sodales','M','1983-05-03',48),(49,49,'Russell','069.829.546-27','aptent taciti','Outro','1987-10-02',49),(50,50,'Kaseem','527.446.737-63','est tempor','Outro','1962-03-15',50),(51,51,'Xavier','945.631.793-37','cursus.','M','1978-01-17',51),(52,52,'Roth','473.251.893-54','Etiam imperdiet','Outro','1933-11-26',52),(53,53,'Belle','937.861.496-53','a, scelerisque sed,','Outro','1969-10-28',53),(54,54,'Philip','251.450.639-69','vitae','Outro','1966-09-04',54),(55,55,'Aurelia','990.687.764-79','ullamcorper viverra. Maecenas','Outro','1944-06-17',55),(56,56,'Candace','988.324.106-14','arcu. Vestibulum','F','1961-01-30',56),(57,57,'Sierra','751.161.635-69','nisi. Aenean','Outro','1946-12-12',57),(58,58,'Tad','778.842.057-53','accumsan','Outro','1990-04-19',58),(59,59,'Christine','188.651.849-96','cursus. Integer mollis.','F','1944-06-17',59),(60,60,'Fallon','797.768.336-68','tellus justo sit','Outro','1944-07-28',60),(61,61,'Britanni','013.123.871-27','mauris ut mi.','M','1963-07-04',61),(62,62,'Naida','596.064.169-70','libero. Integer','Outro','1934-07-12',62),(63,63,'Tad','300.715.799-86','ipsum nunc id','Outro','1976-04-28',63),(64,64,'Hammett','543.672.129-80','eget tincidunt','Outro','1935-08-13',64),(65,65,'Macy','875.633.722-99','ultricies dignissim','Outro','1954-05-08',65),(66,66,'Dane','127.885.735-77','sagittis. Duis gravida.','M','1931-06-04',66),(67,67,'Clayton','535.665.432-91','eleifend, nunc risus','Outro','1944-01-29',67),(68,68,'Miriam','047.017.189-75','magna, malesuada vel,','Outro','1955-09-02',68),(69,69,'Hadassah','285.433.030-33','bibendum','Outro','1965-04-18',69),(70,70,'Drew','270.210.441-27','sodales elit','M','1998-08-27',70),(71,71,'Simon','577.470.087-67','est mauris,','M','1951-06-25',71),(72,72,'Dustin','370.102.661-05','consequat','Outro','1987-06-07',72),(73,73,'Hayes','765.332.154-37','Donec est.','Outro','1963-12-21',73),(74,74,'Cathleen','817.644.600-46','nunc,','Outro','1938-10-21',74),(75,75,'Brennan','210.562.119-29','Nunc','Outro','1957-07-05',75),(76,76,'Germane','135.869.581-11','Cras','F','1970-02-25',76),(77,77,'Denton','669.069.797-35','tincidunt','M','1972-02-20',77),(78,78,'Serena','914.595.655-06','massa','M','1956-03-20',78),(79,79,'Cade','304.166.349-13','tincidunt vehicula risus.','Outro','1982-01-20',79),(80,80,'Vera','607.954.983-39','elit erat vitae','F','1980-06-17',80),(81,81,'Kermit','385.982.549-07','consectetuer','M','1988-02-02',81),(82,82,'Paloma','151.555.612-65','primis in','M','1956-04-11',82),(83,83,'Trevor','166.872.351-36','interdum.','Outro','1974-02-19',83),(84,84,'Marsden','024.142.649-39','nonummy','M','2000-06-14',84),(85,85,'Odysseus','870.087.548-75','nostra,','F','1966-05-22',85),(86,86,'Uriel','970.517.521-09','faucibus orci luctus','F','1967-06-15',86),(87,87,'Yolanda','014.342.659-12','adipiscing lobortis risus.','Outro','1953-04-27',87),(88,88,'Barry','619.809.156-61','ac mattis semper,','F','1982-06-29',88),(89,89,'Faith','411.407.242-24','egestas ligula. Nullam','F','1973-11-09',89),(90,90,'Christen','374.351.747-47','nec orci. Donec','Outro','1946-08-20',90),(91,91,'Anne','348.720.190-88','amet lorem','M','1944-12-13',91),(92,92,'Calista','930.008.156-06','sagittis lobortis mauris.','M','1941-12-26',92),(93,93,'Eliana','520.937.990-78','Donec egestas. Duis','F','1980-07-14',93),(94,94,'Diana','232.274.937-82','mauris ipsum porta','Outro','1937-08-29',94),(95,95,'Felicia','876.992.108-45','montes, nascetur ridiculus','Outro','1932-02-23',95),(96,96,'Brooke','253.368.447-14','auctor velit. Aliquam','M','1950-04-13',96),(97,97,'Joelle','651.416.874-07','magna. Ut','M','1994-11-03',97),(98,98,'Lani','172.077.442-79','Donec tincidunt. Donec','Outro','1973-01-24',98),(99,99,'Kenyon','676.032.901-31','at','Outro','1956-07-13',99),(100,100,'Hasad','699.790.242-64','Quisque','Outro','1959-09-29',100);



